{
    "data": {
        "scale": 0.007845180109143257, 
        "min": 0, 
        "max": 0, 
        "offset": 0
    }, 
    "conv1": {
        "scale": 0.016715042293071747, 
        "min": 0, 
        "max": 0, 
        "offset": 0
    }, 
    "pool1": {
        "scale": 0.016715042293071747, 
        "min": 0, 
        "max": 0, 
        "offset": 0
    }, 
    "conv2": {
        "scale": 0.10767658799886703, 
        "min": 0, 
        "max": 0, 
        "offset": 0
    }, 
    "pool2": {
        "scale": 0.10767658799886703, 
        "min": 0, 
        "max": 0, 
        "offset": 0
    }, 
    "relu1": {
        "scale": 0.09700379520654678, 
        "min": 0, 
        "max": 0, 
        "offset": 0
    }, 
    "ip1": {
        "scale": 0.08922849595546722, 
        "min": 0, 
        "max": 0, 
        "offset": 0
    }, 
    "ip2": {
        "scale": 0.22763597965240479, 
        "min": 0, 
        "max": 0, 
        "offset": 0
    }, 
    "prob": {
        "scale": 0.007875937968492508, 
        "min": 0, 
        "max": 0, 
        "offset": 0
    }
}
